product_id,product_name,category,subcategory,brand,price,cost,stock_quantity,reorder_level,supplier_id,weight_kg,dimensions,color,material,warranty_months,rating_avg,review_count,is_bestseller,launch_date
1,LED Light Bulbs,Fashion,Footwear,Apple,502.99,312.23,508,78,9,33.66,28x25x31cm,White,Wood,24,4.5,695,True,2025-03-04
2,Wireless Earbuds,Books & Media,Fiction,Sony,2012.19,1234.17,374,14,1,47.86,36x40x23cm,Blue,Metal,12,4.4,831,True,2024-05-05
3,Smart Thermostat,Electronics,Laptops,Garmin,1931.64,1249.5,174,36,1,30.94,29x22x32cm,Red,Leather,12,3.3,10,True,2024-11-18
4,Casual Blazer,Sports & Outdoors,Team Sports,Adidas,950.67,725.23,115,54,13,34.59,46x47x13cm,Blue,Leather,12,2.7,704,True,2024-11-13
5,Robot Vacuum,Books & Media,Educational,Microsoft,878.0,622.73,976,16,17,8.3,8x33x27cm,Gold,Wood,6,2.5,319,False,2024-10-21
6,Smart Speaker,Beauty & Health,Hair Care,Nikon,156.92,106.61,282,59,2,5.63,41x50x46cm,Green,Ceramic,6,3.0,632,False,2024-10-11
7,Running Shoes,Beauty & Health,Skincare,Nike,2662.96,1638.68,546,37,10,35.2,17x31x32cm,Gold,Fabric,12,3.3,514,False,2023-11-12
8,Backpack,Fashion,Accessories,Panasonic,1879.1,1435.79,549,40,11,16.69,17x43x42cm,Silver,Metal,12,3.5,602,True,2023-03-10
9,LED Light Bulbs,Electronics,Smart Home,Garmin,1070.48,665.26,410,89,6,19.63,33x13x19cm,Red,Ceramic,6,3.3,985,True,2023-12-17
10,Backpack,Sports & Outdoors,Team Sports,Sony,1588.77,1264.86,39,19,18,16.28,5x12x50cm,Gray,Wood,6,3.7,222,True,2024-11-21
11,Coffee Maker,Beauty & Health,Supplements,Fitbit,1265.39,839.31,794,49,3,15.04,48x29x12cm,Gray,Glass,36,4.9,886,True,2022-10-28
12,Smart Thermostat,Fashion,Bags,Canon,972.2,667.92,705,95,16,24.73,20x27x24cm,Silver,Metal,12,4.0,400,True,2025-03-31
13,Gaming Laptop,Electronics,Tablets,Dell,721.17,507.4,298,44,10,1.46,16x24x40cm,Silver,Metal,6,5.0,722,False,2025-02-05
14,Cotton T-Shirt,Books & Media,Educational,Microsoft,1076.56,698.47,78,95,10,31.14,7x50x39cm,Green,Wood,36,4.2,449,False,2024-10-16
15,Running Shoes,Electronics,Smart Home,Acer,1322.96,982.93,247,97,18,26.43,38x32x31cm,Blue,Glass,6,3.9,629,True,2024-12-21
16,Tablet Pro,Electronics,Gaming,Garmin,2567.61,1655.87,204,28,11,29.88,7x40x18cm,White,Ceramic,24,2.6,479,False,2022-08-08
17,Gaming Laptop,Beauty & Health,Skincare,Sony,1948.49,1557.93,159,71,14,3.72,42x31x18cm,Black,Plastic,36,2.9,99,False,2022-08-07
18,Tablet Pro,Beauty & Health,Skincare,Dell,1987.81,1570.42,449,79,16,13.15,31x47x38cm,Green,Metal,36,3.7,154,True,2023-11-16
19,Pro Max Smartphone,Electronics,Smartphones,Apple,810.76,570.44,139,82,3,31.6,43x18x40cm,Gold,Glass,6,3.2,282,True,2022-08-06
20,Smart Thermostat,Books & Media,Fiction,Nikon,504.04,331.16,870,49,2,49.39,20x21x50cm,Black,Ceramic,24,4.1,568,False,2025-02-09
21,Pro Max Smartphone,Sports & Outdoors,Exercise,Acer,496.28,307.62,175,64,13,1.53,34x20x30cm,Silver,Ceramic,24,3.3,266,False,2023-06-02
22,Running Shoes,Home & Garden,Cleaning,Microsoft,2162.59,1560.38,369,16,11,45.06,36x10x12cm,White,Glass,6,3.2,573,True,2024-01-23
23,Casual Blazer,Home & Garden,Tools,LG,1822.72,1265.34,196,40,8,4.54,39x31x17cm,Blue,Leather,24,3.4,326,True,2024-05-26
24,Premium Sneakers,Beauty & Health,Supplements,Fitbit,306.97,243.21,571,99,16,33.41,5x26x50cm,Black,Wood,12,4.2,13,True,2024-08-14
25,Wireless Mouse,Sports & Outdoors,Outdoor Recreation,Corsair,2171.88,1599.79,52,17,16,20.66,42x22x49cm,Green,Plastic,24,3.0,58,False,2022-12-30
26,Wireless Earbuds,Beauty & Health,Skincare,Canon,552.51,386.15,258,43,18,47.17,15x28x21cm,Silver,Wood,24,4.3,558,True,2023-10-07
27,4K Monitor,Sports & Outdoors,Outdoor Recreation,Amazon,2920.04,1810.52,624,57,3,37.14,39x45x32cm,Green,Fabric,12,4.5,801,True,2023-05-04
28,Smart Thermostat,Fashion,Footwear,Dell,122.76,92.63,147,100,13,17.58,31x22x41cm,White,Ceramic,24,3.3,900,False,2024-05-18
29,Wireless Mouse,Electronics,Laptops,JBL,729.65,455.74,623,95,9,40.24,13x24x19cm,Blue,Glass,6,5.0,981,True,2025-03-12
30,4K Monitor,Sports & Outdoors,Winter Sports,Dell,2277.01,1614.26,268,24,10,19.52,24x46x31cm,Blue,Leather,36,4.5,293,False,2023-07-14
31,Robot Vacuum,Sports & Outdoors,Exercise,Lenovo,2672.4,2048.04,846,12,1,26.41,36x38x40cm,Red,Metal,12,3.1,96,False,2024-08-15
32,Sports Watch,Fashion,Bags,Google,2540.68,1603.2,151,14,12,42.84,27x19x23cm,Red,Ceramic,36,3.0,98,False,2025-01-09
33,Running Shoes,Electronics,Smartphones,Canon,1645.23,1229.66,807,49,15,9.37,48x14x7cm,Silver,Glass,24,4.9,524,True,2024-03-31
34,Smart Speaker,Sports & Outdoors,Winter Sports,Nikon,511.69,311.19,985,11,17,4.02,18x16x21cm,Red,Glass,12,2.6,453,False,2022-08-05
35,Tablet Pro,Sports & Outdoors,Team Sports,Apple,2050.1,1232.43,742,91,4,33.57,41x35x9cm,White,Plastic,36,3.9,74,True,2023-11-12
36,Backpack,Home & Garden,Tools,Logitech,1958.85,1386.55,20,37,3,30.05,11x25x12cm,Black,Ceramic,12,3.3,841,True,2025-04-28
37,4K Monitor,Sports & Outdoors,Winter Sports,Acer,172.94,110.39,124,15,13,8.36,21x8x14cm,Blue,Glass,6,3.2,613,False,2022-07-27
38,Security Camera,Fashion,Bags,Sony,1845.07,1278.75,318,57,19,38.08,49x20x40cm,Black,Leather,36,4.2,566,False,2023-05-17
39,LED Light Bulbs,Fashion,Footwear,Bose,933.83,684.6,849,54,11,24.68,30x22x33cm,White,Leather,24,4.7,440,True,2023-12-09
40,Coffee Maker,Beauty & Health,Makeup,Acer,31.07,24.32,964,62,2,2.48,40x45x28cm,Blue,Metal,6,4.3,639,False,2025-01-14
41,Leather Jacket,Home & Garden,Cleaning,Canon,911.94,602.62,332,67,15,21.26,36x14x12cm,Blue,Plastic,36,3.5,549,False,2024-01-25
42,Casual Blazer,Sports & Outdoors,Team Sports,Logitech,1379.68,1025.33,44,19,17,14.3,47x23x14cm,Gray,Leather,24,3.5,581,False,2022-07-02
43,Mechanical Keyboard,Home & Garden,Decor,Sony,1094.19,866.46,201,10,12,33.35,18x45x36cm,Blue,Plastic,12,3.0,544,False,2023-01-19
44,Smart Watch,Sports & Outdoors,Exercise,Microsoft,722.01,501.6,874,48,7,4.11,8x24x49cm,White,Fabric,24,2.8,899,True,2023-01-12
45,Air Purifier,Electronics,Gaming,ASUS,279.91,188.68,138,87,11,45.94,33x19x21cm,Red,Wood,12,2.7,559,False,2023-04-03
46,Casual Blazer,Electronics,Laptops,Bose,430.51,268.99,960,13,6,37.67,5x42x45cm,Black,Wood,12,4.5,337,True,2024-06-22
47,Gaming Laptop,Sports & Outdoors,Exercise,LG,2888.33,2208.89,350,35,14,27.63,24x16x33cm,Silver,Glass,36,4.2,393,True,2024-09-20
48,Tablet Pro,Fashion,Accessories,Logitech,1065.7,699.9,471,93,11,35.71,31x5x43cm,White,Glass,12,4.3,898,False,2023-05-19
49,Wireless Mouse,Sports & Outdoors,Exercise,HP,2970.1,2361.55,423,80,10,41.13,30x38x9cm,Red,Wood,24,2.5,314,True,2023-11-11
50,Wireless Earbuds,Beauty & Health,Makeup,Dell,2443.77,1891.66,78,28,15,47.67,8x48x27cm,Gray,Leather,12,3.2,772,False,2023-04-06
51,Sports Watch,Home & Garden,Tools,Acer,689.03,446.47,463,20,20,11.67,48x13x40cm,Green,Metal,12,2.5,373,True,2022-10-16
52,Gaming Laptop,Beauty & Health,Medical,Apple,1773.96,1288.32,488,94,4,36.08,11x7x41cm,White,Plastic,12,4.1,586,False,2024-01-10
53,Security Camera,Sports & Outdoors,Team Sports,Bose,1379.47,1008.78,161,67,5,1.48,47x48x17cm,Silver,Fabric,6,3.1,129,True,2023-05-10
54,Casual Blazer,Home & Garden,Furniture,Bose,784.82,480.75,770,85,6,38.88,8x35x12cm,Gold,Metal,24,3.2,581,False,2025-03-01
55,Air Purifier,Fashion,Clothing,Nike,2289.71,1387.19,682,87,9,0.98,12x43x5cm,Green,Wood,12,2.9,905,False,2023-12-06
56,Wireless Earbuds,Fashion,Bags,Acer,332.8,214.32,326,91,19,48.83,18x41x35cm,Red,Glass,24,2.8,181,False,2024-06-22
57,Smart Thermostat,Fashion,Jewelry,JBL,1462.91,912.24,109,16,12,1.0,12x34x42cm,Red,Glass,24,3.0,83,True,2023-09-12
58,Gaming Laptop,Home & Garden,Tools,JBL,1958.83,1247.93,146,32,13,1.59,43x19x21cm,Gold,Fabric,12,3.5,772,True,2024-12-09
59,Pro Max Smartphone,Sports & Outdoors,Winter Sports,ASUS,2959.1,1913.6,427,59,14,5.24,41x26x42cm,Gold,Ceramic,12,4.6,159,False,2023-02-15
60,LED Light Bulbs,Beauty & Health,Skincare,Microsoft,2826.58,1892.08,138,41,5,26.19,13x31x27cm,Gold,Wood,36,4.0,799,False,2024-04-02
61,LED Light Bulbs,Fashion,Clothing,Nike,2685.46,1829.49,537,69,13,44.58,5x43x29cm,Blue,Ceramic,36,3.3,478,False,2025-04-15
62,Smart Thermostat,Books & Media,Comics,Sony,2051.17,1471.52,388,27,4,24.3,19x16x9cm,Blue,Glass,6,3.9,957,False,2024-06-23
63,Wireless Earbuds,Home & Garden,Decor,Microsoft,174.45,137.85,21,92,14,32.62,48x40x12cm,Gray,Fabric,24,4.2,61,True,2022-12-17
64,LED Light Bulbs,Fashion,Jewelry,Fitbit,2861.28,1965.51,922,31,4,33.8,40x38x21cm,Black,Ceramic,12,2.8,865,False,2025-04-15
65,Sports Watch,Home & Garden,Cleaning,Lenovo,1064.72,795.05,790,45,10,3.11,43x35x24cm,Gray,Wood,6,3.0,102,False,2024-07-10
66,Backpack,Fashion,Bags,Google,181.76,133.14,765,52,18,24.61,40x44x36cm,Gray,Glass,12,3.7,809,True,2023-07-21
67,Air Purifier,Books & Media,Educational,LG,2900.51,1752.51,74,79,8,47.38,49x9x8cm,Silver,Metal,6,4.6,648,True,2025-05-03
68,Gaming Laptop,Books & Media,Movies,Apple,2470.07,1722.32,784,79,4,22.0,22x26x33cm,Silver,Fabric,12,2.7,846,False,2024-12-17
69,Wireless Mouse,Books & Media,Non-fiction,Logitech,1603.39,1191.05,499,19,5,30.94,15x47x40cm,Gray,Plastic,12,3.1,120,True,2023-06-02
70,4K Monitor,Books & Media,Non-fiction,LG,1955.58,1353.53,506,61,1,23.89,10x18x50cm,Blue,Metal,36,4.0,701,False,2023-07-17
71,Smart Watch,Home & Garden,Cleaning,Bose,780.0,591.34,195,48,10,21.81,16x43x35cm,White,Ceramic,36,3.9,780,True,2023-06-09
72,Sports Watch,Sports & Outdoors,Team Sports,Amazon,682.12,463.97,892,47,11,29.01,44x46x29cm,Blue,Plastic,12,3.5,88,False,2024-03-13
73,Robot Vacuum,Books & Media,Music,Canon,2015.57,1365.27,193,67,6,40.56,12x31x12cm,Gold,Fabric,6,4.4,962,True,2022-09-13
74,4K Monitor,Sports & Outdoors,Exercise,Nike,1745.32,1075.81,838,50,18,7.58,40x12x29cm,White,Fabric,24,2.6,54,False,2024-03-22
75,Smart Thermostat,Beauty & Health,Hair Care,Google,1053.02,650.02,319,76,19,24.15,14x28x15cm,Red,Plastic,12,3.7,225,False,2023-10-09
76,Designer Jeans,Home & Garden,Kitchen,Logitech,1412.12,917.57,773,27,16,21.49,47x17x23cm,Green,Fabric,12,3.6,174,True,2025-02-03
77,Coffee Maker,Fashion,Bags,LG,2547.16,1936.15,526,19,7,11.92,10x37x6cm,Blue,Metal,12,4.6,138,True,2024-08-23
78,Smart Speaker,Electronics,Gaming,Canon,2710.38,1984.07,1000,23,17,0.68,17x11x38cm,Black,Metal,24,4.8,634,False,2022-12-11
79,Pro Max Smartphone,Electronics,Smart Home,LG,2739.46,1961.78,607,39,8,22.45,14x29x18cm,Red,Leather,24,5.0,701,True,2023-04-11
80,LED Light Bulbs,Beauty & Health,Makeup,Nikon,184.27,144.7,544,38,19,2.48,6x50x20cm,Black,Fabric,12,4.7,662,True,2024-10-26
81,Premium Sneakers,Books & Media,Music,Microsoft,2233.91,1458.6,783,45,17,12.34,28x50x30cm,Black,Ceramic,6,4.7,594,False,2023-11-06
82,Wireless Earbuds,Books & Media,Music,HP,2466.3,1694.62,230,69,18,16.03,36x6x45cm,White,Ceramic,24,3.4,233,False,2024-07-07
83,LED Light Bulbs,Home & Garden,Security,Amazon,2410.75,1910.13,445,20,1,32.01,50x9x31cm,Blue,Wood,36,4.8,688,True,2023-11-15
84,Coffee Maker,Sports & Outdoors,Winter Sports,HP,2791.79,1872.35,865,14,7,0.27,21x20x20cm,Silver,Plastic,6,3.8,338,False,2023-03-14
85,Designer Jeans,Home & Garden,Tools,Dell,1707.04,1286.74,266,35,4,49.65,50x32x16cm,Green,Metal,6,5.0,693,False,2022-11-01
86,Cotton T-Shirt,Fashion,Footwear,Nike,387.55,277.2,284,42,9,1.26,28x38x37cm,Green,Ceramic,6,3.7,220,True,2024-02-25
87,Running Shoes,Beauty & Health,Skincare,Google,1084.37,822.56,87,97,18,37.57,15x19x24cm,Red,Metal,12,4.7,189,False,2023-02-01
88,Security Camera,Electronics,Smartphones,Fitbit,1158.03,810.88,21,39,11,19.69,34x25x5cm,Gold,Fabric,36,3.2,647,True,2024-09-16
89,Wireless Earbuds,Home & Garden,Decor,Fitbit,2602.13,1572.74,296,34,19,1.9,8x42x22cm,Gold,Wood,6,2.7,832,True,2024-04-13
90,Robot Vacuum,Fashion,Clothing,Corsair,2906.31,1758.09,469,72,13,13.59,7x35x6cm,Gray,Wood,12,3.9,531,True,2025-04-03
91,Tablet Pro,Electronics,Tablets,Dell,2150.66,1312.78,374,18,7,47.67,32x23x32cm,Black,Glass,6,4.7,857,True,2025-01-10
92,Backpack,Beauty & Health,Medical,Logitech,1970.97,1331.09,846,94,3,2.12,30x26x49cm,Blue,Leather,24,3.4,791,True,2023-06-18
93,Smart Speaker,Fashion,Accessories,Amazon,2215.56,1705.81,718,60,5,14.18,25x22x17cm,Red,Metal,24,4.8,749,False,2022-11-24
94,Wireless Earbuds,Electronics,Laptops,Garmin,1526.38,916.07,640,99,14,32.13,34x9x39cm,Gold,Glass,6,3.7,249,False,2023-09-09
95,4K Monitor,Electronics,Audio,Google,992.28,672.07,949,18,11,11.16,11x42x11cm,Green,Leather,36,4.6,455,True,2024-08-06
96,Smart Watch,Beauty & Health,Supplements,Bose,2765.87,2063.08,804,92,19,4.05,33x6x33cm,Gold,Plastic,12,3.6,540,True,2023-02-17
97,Smart Watch,Beauty & Health,Supplements,Sony,415.94,259.25,60,56,14,34.26,20x42x17cm,Gold,Leather,24,2.5,417,False,2023-01-29
98,Running Shoes,Books & Media,Fiction,Canon,967.18,617.13,881,12,19,11.11,41x39x37cm,Blue,Wood,36,4.6,305,True,2022-12-22
99,Security Camera,Books & Media,Music,Adidas,385.79,245.38,47,14,8,40.82,49x41x40cm,Red,Metal,36,3.7,204,True,2025-04-20
100,Wireless Mouse,Fashion,Footwear,Dell,2833.91,1764.04,650,28,3,21.23,38x7x7cm,Blue,Wood,12,3.1,517,False,2024-11-18
101,Smart Watch,Fashion,Clothing,LG,1827.24,1099.35,80,85,7,40.03,27x46x22cm,Black,Fabric,12,2.9,351,True,2023-09-17
102,Robot Vacuum,Home & Garden,Cleaning,Apple,1740.91,1111.64,953,86,3,44.24,50x19x10cm,Green,Wood,12,3.5,13,False,2024-05-07
103,Wireless Mouse,Sports & Outdoors,Exercise,Nikon,2329.65,1586.84,743,92,20,42.84,48x17x28cm,Gray,Glass,24,4.2,939,True,2022-08-12
104,Casual Blazer,Beauty & Health,Supplements,LG,858.3,679.17,606,78,1,36.86,22x47x33cm,White,Fabric,12,4.6,470,False,2023-09-06
105,Tablet Pro,Books & Media,Fiction,ASUS,1668.96,1052.47,702,14,1,15.28,23x41x29cm,Blue,Plastic,36,4.8,865,False,2024-05-29
106,LED Light Bulbs,Home & Garden,Tools,LG,2147.41,1519.85,345,88,6,32.28,15x33x25cm,Silver,Leather,24,3.5,421,False,2022-12-13
107,LED Light Bulbs,Books & Media,Fiction,Adidas,485.94,300.06,951,38,4,37.19,25x40x7cm,Black,Plastic,12,3.0,966,False,2023-12-11
108,Backpack,Electronics,Smartphones,Nike,1513.08,1136.23,544,49,5,22.09,40x12x41cm,Gold,Leather,12,4.9,348,True,2023-10-04
109,Air Purifier,Fashion,Clothing,LG,855.34,599.31,955,62,20,20.71,16x47x9cm,Green,Metal,24,4.3,689,True,2023-12-08
110,Tablet Pro,Fashion,Clothing,Microsoft,1679.28,1252.73,248,76,13,10.8,18x19x9cm,Gold,Glass,6,2.8,434,True,2022-07-13
111,Wireless Earbuds,Home & Garden,Kitchen,HP,2116.86,1353.49,365,93,15,11.21,45x29x43cm,Red,Ceramic,36,3.1,959,True,2024-08-10
112,Wireless Mouse,Fashion,Clothing,Adidas,1664.81,1123.02,362,15,1,47.19,29x33x20cm,Red,Wood,6,5.0,585,False,2023-01-05
113,LED Light Bulbs,Home & Garden,Cleaning,Corsair,409.42,259.12,62,33,14,19.71,45x38x34cm,Red,Glass,36,4.4,398,False,2022-12-10
114,Backpack,Electronics,Laptops,Bose,1090.3,767.69,656,98,5,12.5,21x10x33cm,Red,Glass,24,3.7,834,False,2023-02-08
115,Sports Watch,Sports & Outdoors,Exercise,Google,1860.68,1173.32,71,27,16,21.4,45x34x16cm,Blue,Fabric,24,3.1,742,True,2025-04-21
116,Running Shoes,Home & Garden,Tools,Bose,2792.81,1707.14,687,28,7,24.86,7x48x32cm,Gray,Leather,12,4.0,604,True,2024-03-28
117,Gaming Laptop,Electronics,Smart Home,Adidas,2539.72,1637.21,776,22,7,31.66,24x44x25cm,Green,Glass,36,5.0,99,False,2024-03-25
118,Mechanical Keyboard,Electronics,Gaming,Garmin,1756.44,1393.92,427,85,6,13.19,16x32x38cm,Blue,Fabric,24,4.3,812,True,2022-08-24
119,Gaming Laptop,Electronics,Smart Home,Microsoft,1096.89,734.38,148,78,20,42.9,22x50x41cm,Gray,Ceramic,6,3.3,891,True,2025-05-12
120,Pro Max Smartphone,Electronics,Smartphones,Garmin,2259.94,1624.56,470,83,20,6.08,28x28x18cm,Gold,Ceramic,12,4.0,502,True,2023-05-19
121,Smart Watch,Electronics,Smart Home,LG,1373.61,833.21,825,76,5,9.48,47x12x19cm,Gold,Ceramic,12,4.9,21,False,2022-07-24
122,Tablet Pro,Home & Garden,Decor,Fitbit,23.61,14.94,53,72,7,11.72,22x50x49cm,Gold,Leather,24,5.0,935,True,2022-07-15
123,Premium Sneakers,Fashion,Jewelry,Amazon,2009.56,1327.59,893,52,14,18.86,35x9x50cm,White,Glass,24,4.9,529,True,2022-06-25
124,LED Light Bulbs,Beauty & Health,Supplements,JBL,2085.34,1528.87,849,45,5,29.35,31x21x27cm,White,Fabric,36,3.4,516,True,2024-01-01
125,Smart Watch,Home & Garden,Furniture,Acer,923.84,616.77,37,97,4,23.64,18x13x46cm,Black,Glass,12,4.4,537,True,2022-12-21
126,Gaming Laptop,Electronics,Laptops,Corsair,2198.04,1582.61,396,40,12,46.51,36x11x8cm,Gold,Plastic,12,2.9,696,False,2023-07-17
127,Pro Max Smartphone,Electronics,Tablets,Nike,789.37,530.15,356,74,6,45.2,36x39x38cm,Black,Plastic,12,4.5,480,True,2023-12-10
128,Sports Watch,Home & Garden,Kitchen,Fitbit,2460.65,1568.55,307,50,20,47.15,45x5x41cm,Green,Fabric,12,4.1,997,True,2023-09-08
129,Gaming Laptop,Electronics,Smart Home,Nike,2632.72,1691.67,753,63,10,33.46,49x5x6cm,Gold,Glass,24,3.8,768,False,2025-05-23
130,Coffee Maker,Sports & Outdoors,Winter Sports,Amazon,1817.8,1371.9,819,21,11,3.18,17x45x15cm,Green,Leather,36,3.6,918,False,2023-11-28
131,Pro Max Smartphone,Home & Garden,Security,Bose,2428.66,1531.14,660,52,11,17.71,43x29x40cm,Blue,Metal,36,4.4,334,True,2022-10-28
132,Pro Max Smartphone,Fashion,Clothing,HP,1070.09,718.99,422,83,15,49.69,20x7x16cm,Green,Metal,12,2.8,384,False,2024-02-10
133,Casual Blazer,Fashion,Accessories,Nike,501.51,384.55,917,90,1,38.95,17x31x49cm,White,Glass,24,4.6,16,True,2023-07-09
134,Pro Max Smartphone,Beauty & Health,Hair Care,Logitech,570.9,405.88,833,63,17,34.84,50x6x11cm,Black,Leather,12,4.2,937,True,2023-08-16
135,4K Monitor,Electronics,Laptops,ASUS,863.12,666.38,490,73,3,41.37,42x47x24cm,White,Ceramic,24,4.9,20,False,2025-02-09
136,Air Purifier,Books & Media,Comics,Dell,1525.47,947.34,829,84,12,46.12,31x15x7cm,Red,Leather,12,4.6,764,False,2024-11-05
137,Air Purifier,Books & Media,Educational,Canon,1142.63,748.8,287,56,14,36.61,38x34x42cm,Gray,Metal,24,2.6,636,False,2023-05-23
138,Gaming Laptop,Books & Media,Comics,ASUS,694.66,507.62,619,97,19,46.87,27x46x17cm,White,Fabric,12,4.9,224,False,2023-04-06
139,Sports Watch,Sports & Outdoors,Winter Sports,HP,1287.42,850.85,363,86,13,29.19,12x26x21cm,Black,Fabric,24,4.4,522,False,2023-12-29
140,Tablet Pro,Sports & Outdoors,Winter Sports,Samsung,2711.68,2019.09,388,99,9,27.46,14x8x45cm,Gray,Wood,36,4.7,502,True,2024-11-23
141,Air Purifier,Sports & Outdoors,Outdoor Recreation,Amazon,111.73,87.67,696,60,13,4.91,21x12x10cm,Silver,Wood,36,2.8,602,False,2024-12-23
142,Air Purifier,Books & Media,Educational,Canon,1114.36,795.8,14,45,5,1.87,31x30x10cm,Gold,Plastic,6,4.4,357,True,2023-12-25
143,Casual Blazer,Fashion,Jewelry,LG,779.89,476.53,375,81,8,6.87,10x14x38cm,Black,Wood,36,4.6,532,True,2024-01-08
144,Backpack,Home & Garden,Tools,Adidas,922.5,676.29,671,15,16,27.69,33x17x42cm,Gold,Fabric,6,3.1,121,True,2024-07-18
145,Designer Jeans,Electronics,Smartphones,ASUS,2011.98,1346.07,915,90,16,2.04,47x22x39cm,Black,Fabric,24,4.9,407,True,2025-03-13
146,Robot Vacuum,Home & Garden,Security,Amazon,75.55,47.84,699,19,3,31.06,39x39x34cm,Green,Fabric,36,3.1,175,False,2023-05-17
147,Pro Max Smartphone,Books & Media,Comics,Panasonic,1801.46,1345.78,893,27,6,38.41,7x28x5cm,Green,Wood,24,3.6,552,True,2023-03-01
148,Premium Sneakers,Sports & Outdoors,Exercise,Razer,289.49,219.96,654,24,15,45.22,39x45x17cm,Blue,Ceramic,6,3.5,150,True,2024-12-21
149,LED Light Bulbs,Home & Garden,Cleaning,LG,299.14,204.06,832,66,14,11.95,35x29x36cm,Green,Metal,36,4.3,221,False,2023-09-09
150,Mechanical Keyboard,Beauty & Health,Supplements,Nikon,2725.05,1643.45,991,25,10,48.5,36x28x20cm,Gray,Plastic,6,4.9,177,True,2024-07-22
151,Coffee Maker,Electronics,Smartphones,ASUS,1747.43,1240.76,84,66,5,29.58,48x21x24cm,Black,Ceramic,12,4.0,161,False,2025-05-03
152,Sports Watch,Beauty & Health,Hair Care,Logitech,1942.2,1479.97,488,71,10,38.39,43x17x27cm,Silver,Plastic,12,2.7,459,True,2025-04-15
153,Leather Jacket,Beauty & Health,Hair Care,Panasonic,2537.46,2003.63,742,54,2,40.59,37x26x10cm,Black,Fabric,24,3.5,703,False,2023-10-27
154,Backpack,Electronics,Audio,Adidas,153.93,103.3,56,62,20,27.06,5x23x7cm,Red,Wood,6,4.1,131,False,2024-12-26
155,Gaming Laptop,Books & Media,Fiction,HP,1684.73,1061.25,826,99,6,18.11,16x35x49cm,Green,Plastic,36,2.6,618,True,2024-08-12
156,Smart Watch,Books & Media,Educational,Lenovo,2198.47,1635.0,515,36,14,43.76,18x33x47cm,Silver,Leather,12,3.8,527,False,2024-03-23
157,Premium Sneakers,Beauty & Health,Hair Care,Nikon,2068.66,1388.04,461,72,14,16.85,33x20x23cm,Red,Leather,6,4.6,782,True,2023-10-12
158,Sports Watch,Fashion,Clothing,Fitbit,212.02,165.84,219,89,16,3.29,41x40x28cm,Red,Glass,36,4.3,841,False,2022-09-24
159,Tablet Pro,Home & Garden,Decor,Corsair,2874.17,1841.44,861,86,9,35.63,9x33x13cm,Gold,Ceramic,12,4.3,925,False,2024-05-15
160,Leather Jacket,Fashion,Jewelry,Nike,2747.58,1887.82,609,98,17,30.55,27x15x32cm,Silver,Glass,24,2.7,259,False,2023-04-05
161,Cotton T-Shirt,Beauty & Health,Medical,Microsoft,1440.87,955.26,3,37,2,35.0,36x17x42cm,Red,Fabric,24,4.7,138,False,2022-08-22
162,Sports Watch,Fashion,Footwear,ASUS,1678.02,1244.91,893,33,5,30.57,24x9x37cm,Gold,Plastic,36,4.9,994,True,2024-02-19
163,Cotton T-Shirt,Books & Media,Comics,ASUS,656.33,497.62,285,35,7,42.02,26x19x11cm,Red,Metal,12,4.5,550,True,2023-07-31
164,Designer Jeans,Home & Garden,Decor,Canon,1954.35,1557.86,396,64,5,1.46,30x34x21cm,White,Ceramic,6,3.8,6,True,2024-12-19
165,Pro Max Smartphone,Fashion,Footwear,Panasonic,52.89,40.36,530,72,10,42.66,18x11x26cm,Red,Fabric,6,2.9,710,False,2023-02-22
166,Cotton T-Shirt,Fashion,Clothing,Corsair,2546.08,1827.99,746,85,19,17.91,29x12x22cm,Gold,Wood,12,4.5,333,True,2025-05-06
167,Tablet Pro,Home & Garden,Security,JBL,2792.47,2191.22,229,29,20,28.45,18x40x49cm,Red,Glass,36,4.4,784,True,2023-01-10
168,Air Purifier,Home & Garden,Decor,Adidas,2503.56,1761.47,37,89,12,16.45,26x8x26cm,Gold,Glass,24,4.2,73,False,2023-07-04
169,Smart Thermostat,Fashion,Footwear,Nikon,2701.8,1861.1,586,40,3,16.77,45x22x27cm,Silver,Ceramic,24,3.9,304,False,2023-12-05
170,Security Camera,Home & Garden,Tools,Canon,1801.55,1414.43,347,49,13,13.39,37x25x23cm,Gold,Fabric,12,3.6,233,True,2024-12-07
171,Backpack,Electronics,Audio,Apple,2539.62,1781.01,51,38,12,26.93,50x39x46cm,Gray,Fabric,6,4.5,703,True,2022-08-14
172,Air Purifier,Beauty & Health,Makeup,Microsoft,282.13,212.29,634,55,17,8.72,8x19x8cm,Green,Glass,12,3.3,421,False,2023-04-05
173,Gaming Laptop,Electronics,Laptops,Amazon,1638.6,1128.55,435,15,7,16.73,23x34x13cm,Silver,Plastic,36,4.0,398,True,2023-05-10
174,Cotton T-Shirt,Home & Garden,Security,Google,835.04,574.59,238,13,18,11.76,32x21x22cm,Red,Wood,12,4.3,146,False,2023-04-23
175,Wireless Charger,Beauty & Health,Makeup,Panasonic,856.7,638.27,950,52,13,48.35,44x8x36cm,Blue,Fabric,36,3.3,911,True,2023-06-02
176,Security Camera,Electronics,Smart Home,Microsoft,68.65,47.48,888,20,2,49.06,22x30x21cm,Red,Plastic,6,4.8,393,True,2023-11-05
177,Mechanical Keyboard,Sports & Outdoors,Winter Sports,LG,1938.13,1203.79,528,29,12,47.17,12x23x8cm,Black,Plastic,36,3.6,124,True,2025-03-23
178,Sports Watch,Sports & Outdoors,Exercise,Fitbit,916.69,583.99,600,18,12,48.72,27x18x17cm,Gold,Ceramic,6,3.1,642,True,2022-10-02
179,Wireless Earbuds,Fashion,Jewelry,LG,1506.35,1170.33,595,74,14,42.25,32x21x21cm,Silver,Fabric,24,3.0,285,True,2022-12-27
180,Pro Max Smartphone,Electronics,Tablets,Nike,336.68,225.29,957,70,1,17.2,40x37x37cm,Silver,Plastic,12,4.7,874,True,2024-05-23
181,Leather Jacket,Home & Garden,Decor,Microsoft,2288.49,1732.74,326,94,20,20.67,10x18x35cm,Gray,Ceramic,12,2.7,58,False,2025-04-03
182,Sports Watch,Home & Garden,Furniture,Acer,1011.99,770.96,940,51,11,16.71,28x37x35cm,Black,Ceramic,12,3.2,75,True,2022-09-15
183,Robot Vacuum,Home & Garden,Cleaning,Panasonic,1546.4,968.1,850,77,1,4.71,7x33x44cm,Black,Ceramic,12,4.3,310,False,2025-03-04
184,Security Camera,Beauty & Health,Supplements,Sony,661.15,461.61,48,100,2,4.08,47x14x16cm,Silver,Metal,36,3.9,609,False,2022-06-25
185,Smart Thermostat,Sports & Outdoors,Team Sports,Amazon,697.54,452.44,249,88,7,46.23,42x17x44cm,Green,Leather,12,3.4,929,False,2022-09-13
186,Smart Speaker,Fashion,Bags,Microsoft,2581.3,1710.82,129,77,8,36.03,20x33x10cm,Silver,Glass,6,3.4,159,True,2025-01-09
187,Mechanical Keyboard,Electronics,Smart Home,Razer,2771.25,2071.48,577,99,5,18.27,42x37x35cm,White,Leather,6,2.8,280,True,2024-03-23
188,LED Light Bulbs,Books & Media,Non-fiction,Bose,1327.55,828.84,359,81,19,25.37,45x13x15cm,Gray,Plastic,24,2.7,39,True,2025-03-03
189,Tablet Pro,Electronics,Gaming,HP,1678.97,1158.08,459,14,8,46.05,26x25x46cm,Red,Wood,36,3.0,68,False,2025-06-04
190,Casual Blazer,Beauty & Health,Hair Care,Google,2941.1,1897.71,787,47,7,12.93,42x24x15cm,Silver,Glass,36,4.1,880,False,2023-09-10
191,Cotton T-Shirt,Beauty & Health,Makeup,Logitech,2988.59,2071.59,336,54,9,15.16,19x35x24cm,Green,Plastic,6,2.8,611,False,2024-04-28
192,Wireless Charger,Electronics,Smart Home,Nike,1564.09,1230.03,868,78,9,43.18,42x26x23cm,Green,Ceramic,24,4.2,766,False,2023-11-05
193,Casual Blazer,Books & Media,Movies,Google,2232.95,1636.19,510,57,7,16.31,49x49x35cm,Silver,Plastic,36,2.9,189,True,2024-06-10
194,Coffee Maker,Books & Media,Fiction,Logitech,1499.22,1186.28,905,41,16,18.01,36x31x32cm,Silver,Metal,24,4.9,543,False,2024-07-05
195,Gaming Laptop,Fashion,Jewelry,Acer,2160.44,1490.43,199,36,2,0.24,46x9x39cm,Green,Fabric,24,3.7,610,True,2024-03-27
196,Backpack,Home & Garden,Furniture,Sony,2215.0,1642.68,7,100,18,15.34,16x49x24cm,Green,Wood,36,2.9,445,False,2024-05-31
197,Gaming Laptop,Electronics,Gaming,Nike,2768.7,1753.75,628,29,7,18.13,49x25x18cm,Red,Plastic,12,4.1,777,True,2022-12-31
198,Tablet Pro,Beauty & Health,Supplements,Apple,2369.91,1858.59,842,93,8,9.34,23x24x39cm,Gold,Glass,24,3.4,95,True,2024-08-07
199,Leather Jacket,Sports & Outdoors,Outdoor Recreation,Garmin,896.17,675.32,463,93,18,39.98,7x23x47cm,White,Metal,24,4.3,25,True,2023-06-17
200,Wireless Earbuds,Books & Media,Comics,ASUS,284.46,195.45,665,58,12,42.82,13x11x6cm,White,Fabric,6,3.7,179,False,2023-03-07
201,Tablet Pro,Books & Media,Music,Panasonic,560.45,415.83,614,24,4,48.84,36x20x47cm,Blue,Glass,36,2.6,596,True,2025-03-16
202,Wireless Earbuds,Sports & Outdoors,Outdoor Recreation,Logitech,2387.03,1661.58,811,18,7,9.57,30x26x46cm,Green,Glass,12,4.6,13,False,2024-05-06
203,4K Monitor,Sports & Outdoors,Outdoor Recreation,Apple,358.89,284.89,518,75,13,28.18,18x45x34cm,Black,Leather,36,3.3,294,True,2025-03-05
204,Robot Vacuum,Sports & Outdoors,Winter Sports,Logitech,893.14,611.98,365,62,11,43.52,42x16x6cm,White,Fabric,6,2.9,461,True,2025-04-22
205,Tablet Pro,Beauty & Health,Medical,Adidas,1084.83,666.75,27,49,6,49.2,45x26x8cm,Blue,Leather,24,3.7,432,True,2022-11-28
206,Leather Jacket,Electronics,Gaming,Corsair,28.32,18.03,28,86,13,14.86,23x43x49cm,Gray,Metal,24,4.1,336,True,2024-12-15
207,Wireless Charger,Beauty & Health,Medical,Lenovo,1059.48,707.13,992,73,12,13.37,15x36x48cm,Blue,Plastic,6,4.4,954,True,2025-04-30
208,Smart Speaker,Home & Garden,Decor,LG,647.04,394.58,934,32,8,18.49,34x13x13cm,Green,Plastic,12,2.5,13,False,2022-11-27
209,Air Purifier,Sports & Outdoors,Exercise,Lenovo,816.14,598.74,902,54,6,7.55,31x34x35cm,Red,Plastic,6,4.8,33,True,2023-05-29
210,4K Monitor,Fashion,Footwear,HP,1404.92,965.69,432,24,10,42.5,33x7x23cm,Gray,Metal,6,4.8,954,False,2025-05-07
211,Premium Sneakers,Sports & Outdoors,Outdoor Recreation,ASUS,2737.15,1664.64,384,87,3,45.48,35x47x10cm,Green,Fabric,36,2.8,913,False,2022-08-28
212,Coffee Maker,Books & Media,Movies,Lenovo,210.99,154.08,331,80,5,5.99,23x14x14cm,Red,Leather,12,4.1,234,False,2024-01-28
213,Smart Watch,Home & Garden,Furniture,Sony,1807.35,1443.29,10,71,14,6.96,50x26x43cm,Gold,Plastic,36,2.9,180,False,2023-07-24
214,Backpack,Electronics,Smartphones,Google,1039.91,812.26,837,95,9,46.53,18x28x50cm,White,Fabric,12,4.4,685,True,2024-04-24
215,Pro Max Smartphone,Electronics,Smartphones,Lenovo,1079.5,771.13,998,50,5,18.44,44x21x15cm,Black,Wood,36,4.3,534,True,2023-08-09
216,Backpack,Home & Garden,Security,Nike,977.96,641.8,315,43,10,14.26,41x44x36cm,Gray,Ceramic,24,4.3,803,True,2022-12-21
217,Wireless Earbuds,Electronics,Smartphones,Adidas,672.49,469.76,130,67,9,30.97,30x19x45cm,Black,Glass,24,3.5,414,False,2025-04-26
218,Sports Watch,Sports & Outdoors,Team Sports,Corsair,2577.76,1766.91,142,92,6,31.08,37x25x22cm,Blue,Metal,36,4.9,450,False,2024-08-10
219,Wireless Charger,Beauty & Health,Hair Care,Amazon,1418.48,889.78,829,81,10,0.19,27x10x40cm,Red,Glass,6,4.0,500,False,2022-11-10
220,Premium Sneakers,Fashion,Footwear,Nike,2139.6,1621.65,206,87,18,3.76,21x45x22cm,Gold,Wood,6,4.8,288,True,2025-02-14
221,Gaming Laptop,Sports & Outdoors,Team Sports,Acer,2895.2,2155.07,166,95,3,22.69,50x30x23cm,White,Wood,6,3.5,256,False,2024-10-03
222,Smart Watch,Sports & Outdoors,Winter Sports,Dell,617.54,379.1,644,30,9,21.58,27x19x13cm,Black,Ceramic,24,4.5,944,True,2024-01-05
223,Pro Max Smartphone,Electronics,Smart Home,Google,1582.92,1014.0,401,15,7,11.77,48x49x11cm,Black,Fabric,24,4.5,746,True,2024-07-23
224,Sports Watch,Fashion,Bags,Garmin,909.0,724.29,166,75,7,42.3,24x49x36cm,Red,Fabric,36,3.9,343,False,2022-07-27
225,Cotton T-Shirt,Beauty & Health,Skincare,Garmin,220.74,147.24,790,36,3,34.41,40x47x27cm,Silver,Glass,36,3.6,289,False,2023-08-12
226,4K Monitor,Electronics,Laptops,Microsoft,697.88,490.56,797,49,20,6.55,23x21x38cm,Blue,Wood,12,4.2,627,False,2023-11-14
227,Sports Watch,Books & Media,Fiction,Nike,2120.39,1539.12,543,40,8,14.33,49x30x42cm,Gray,Fabric,36,4.0,980,True,2024-09-08
228,Wireless Earbuds,Books & Media,Fiction,HP,331.89,220.66,949,29,4,48.59,38x20x35cm,Gray,Metal,24,4.5,706,True,2025-04-21
229,Sports Watch,Beauty & Health,Medical,Google,688.51,481.98,486,88,2,48.59,45x9x34cm,White,Ceramic,12,4.0,408,False,2022-11-30
230,Pro Max Smartphone,Fashion,Bags,Canon,1586.84,1186.96,538,66,20,30.91,39x10x23cm,White,Glass,24,4.1,41,False,2024-10-08
231,Mechanical Keyboard,Home & Garden,Tools,LG,632.04,398.76,580,95,15,12.15,38x41x29cm,Green,Leather,36,3.6,536,False,2022-09-30
232,Cotton T-Shirt,Sports & Outdoors,Winter Sports,Canon,1155.05,757.16,698,95,1,37.29,26x31x32cm,Silver,Ceramic,24,4.8,441,True,2025-02-07
233,Robot Vacuum,Beauty & Health,Supplements,Microsoft,1196.6,774.09,635,30,4,3.69,29x29x31cm,Blue,Metal,12,2.9,456,False,2024-05-07
234,Premium Sneakers,Sports & Outdoors,Outdoor Recreation,HP,2286.76,1557.66,364,66,7,23.66,32x8x11cm,White,Plastic,24,4.8,279,True,2023-10-28
235,Air Purifier,Home & Garden,Security,ASUS,280.07,188.35,675,29,20,47.5,6x30x16cm,Red,Metal,6,3.9,116,True,2025-05-20
236,4K Monitor,Beauty & Health,Skincare,Microsoft,2667.46,1870.47,775,59,7,16.74,25x13x34cm,Red,Wood,6,4.1,908,False,2023-05-05
237,Cotton T-Shirt,Books & Media,Movies,Google,2435.66,1607.92,777,34,5,24.98,37x32x42cm,Gray,Ceramic,24,3.3,894,True,2023-06-16
238,Robot Vacuum,Fashion,Clothing,Nikon,509.73,317.54,829,76,4,19.38,15x42x20cm,Black,Metal,12,2.8,416,True,2022-07-22
239,Backpack,Home & Garden,Cleaning,JBL,2201.81,1636.72,873,99,16,28.85,34x18x34cm,Blue,Wood,24,2.7,918,True,2024-07-10
240,Casual Blazer,Beauty & Health,Hair Care,Garmin,126.11,99.02,538,46,20,40.19,10x46x22cm,Silver,Metal,24,3.9,143,False,2023-10-17
241,Smart Speaker,Beauty & Health,Supplements,ASUS,764.7,506.57,890,69,20,44.14,30x35x45cm,Red,Ceramic,6,4.4,377,True,2024-07-19
242,Pro Max Smartphone,Fashion,Jewelry,JBL,2455.54,1928.87,19,28,18,21.14,36x42x38cm,White,Wood,6,4.8,450,False,2023-04-04
243,Running Shoes,Beauty & Health,Makeup,LG,2737.89,2132.71,286,87,20,44.76,7x11x29cm,Red,Wood,24,3.6,629,False,2025-05-30
244,Backpack,Books & Media,Non-fiction,HP,216.76,138.59,90,21,15,45.75,24x11x12cm,Red,Ceramic,24,3.9,405,True,2025-01-25
245,4K Monitor,Sports & Outdoors,Outdoor Recreation,Fitbit,208.53,155.07,229,37,5,42.19,12x35x6cm,Red,Leather,24,3.3,105,True,2022-11-01
246,Backpack,Books & Media,Non-fiction,Lenovo,2858.32,2136.46,576,32,1,15.87,35x6x43cm,Silver,Wood,6,2.5,236,True,2022-07-15
247,Sports Watch,Fashion,Accessories,Amazon,848.21,550.88,133,53,10,29.02,41x30x39cm,Gold,Glass,36,3.7,891,False,2024-08-09
248,Wireless Charger,Electronics,Gaming,Apple,1919.59,1218.42,822,65,14,29.25,45x18x15cm,Blue,Fabric,24,3.2,922,True,2022-07-09
249,Leather Jacket,Books & Media,Non-fiction,Sony,1506.28,929.41,573,93,18,1.92,16x35x9cm,Green,Fabric,24,4.9,351,True,2024-09-28
250,Air Purifier,Books & Media,Fiction,JBL,39.51,25.3,559,80,2,5.95,30x18x33cm,Red,Plastic,12,4.3,912,True,2023-08-15
251,4K Monitor,Beauty & Health,Hair Care,JBL,2553.7,2004.09,751,54,9,1.22,16x29x11cm,Gold,Wood,12,4.4,985,False,2022-12-29
252,Running Shoes,Books & Media,Non-fiction,Garmin,20.06,15.06,678,17,1,36.4,50x50x22cm,Blue,Wood,24,2.7,832,False,2025-02-01
253,Robot Vacuum,Fashion,Bags,Samsung,2057.64,1317.69,671,68,14,34.68,5x33x50cm,Red,Fabric,6,3.7,13,True,2024-07-15
254,Smart Watch,Electronics,Smartphones,Adidas,2843.05,2182.52,668,93,11,43.45,32x49x23cm,Red,Glass,12,2.5,601,True,2024-06-12
255,Air Purifier,Home & Garden,Security,Canon,1945.41,1197.74,843,51,7,4.56,23x11x41cm,Gold,Fabric,12,4.1,145,True,2023-01-30
256,Cotton T-Shirt,Beauty & Health,Supplements,Logitech,401.94,289.64,298,16,9,43.59,16x33x8cm,Silver,Glass,12,3.6,407,True,2023-04-29
257,Cotton T-Shirt,Sports & Outdoors,Winter Sports,LG,1136.97,718.87,382,73,3,13.9,5x16x6cm,Gray,Leather,36,4.6,38,True,2024-05-14
258,Wireless Mouse,Home & Garden,Kitchen,Canon,2372.95,1586.14,503,26,15,31.63,27x24x31cm,Gray,Ceramic,24,4.4,543,True,2023-11-06
259,Wireless Earbuds,Books & Media,Non-fiction,Sony,2260.69,1452.19,367,100,7,1.78,33x34x34cm,Gray,Plastic,12,2.9,478,False,2023-04-29
260,Gaming Laptop,Sports & Outdoors,Outdoor Recreation,ASUS,1443.92,1050.97,761,42,3,45.07,16x41x46cm,Silver,Leather,12,4.7,393,False,2022-11-12
261,4K Monitor,Electronics,Gaming,Dell,1029.4,673.65,967,57,9,48.86,34x13x25cm,White,Leather,24,2.7,850,False,2024-09-20
262,Coffee Maker,Home & Garden,Furniture,Acer,2399.83,1635.99,58,15,4,44.67,44x27x7cm,Black,Plastic,36,3.4,607,False,2024-09-08
263,Smart Speaker,Electronics,Smart Home,ASUS,1127.23,719.78,155,78,5,40.35,40x32x18cm,Red,Leather,24,2.8,230,True,2024-06-01
264,Wireless Mouse,Home & Garden,Furniture,JBL,2361.67,1619.94,20,66,7,4.66,9x7x35cm,Gray,Metal,12,4.8,865,True,2023-01-17
265,Designer Jeans,Fashion,Bags,Canon,1467.21,899.14,33,30,16,25.99,11x49x41cm,Red,Metal,36,3.6,919,True,2023-01-29
266,Premium Sneakers,Fashion,Accessories,Nike,669.06,443.97,547,25,3,8.28,18x21x42cm,Red,Wood,12,3.9,340,False,2022-09-19
267,Smart Speaker,Beauty & Health,Makeup,Apple,1228.57,890.44,698,62,8,48.7,9x30x36cm,Silver,Fabric,36,4.1,378,True,2024-01-06
268,Designer Jeans,Electronics,Audio,LG,2040.91,1235.61,999,44,6,42.65,30x30x44cm,Red,Leather,36,3.1,707,False,2024-05-19
269,Mechanical Keyboard,Books & Media,Non-fiction,Amazon,1904.44,1344.35,615,93,4,24.22,45x29x42cm,White,Glass,12,4.2,220,False,2023-06-06
270,Wireless Charger,Sports & Outdoors,Exercise,Microsoft,394.19,273.72,906,99,2,16.88,45x16x28cm,Green,Glass,24,2.6,382,False,2023-01-17
271,Cotton T-Shirt,Electronics,Smart Home,Corsair,2874.72,1967.54,892,83,9,23.24,41x26x34cm,Black,Wood,36,4.8,425,False,2023-08-21
272,Coffee Maker,Electronics,Smart Home,Microsoft,1593.69,1119.08,253,58,12,40.27,23x39x8cm,Black,Plastic,6,3.9,210,False,2024-05-18
273,Wireless Mouse,Electronics,Gaming,Nike,105.79,70.64,331,15,16,45.53,10x9x29cm,Silver,Ceramic,12,3.8,300,False,2025-06-06
274,Wireless Earbuds,Fashion,Footwear,Adidas,1430.79,898.04,878,71,14,33.1,24x11x38cm,White,Ceramic,36,3.3,683,False,2024-06-17
275,Gaming Laptop,Beauty & Health,Makeup,Apple,2456.01,1764.87,253,67,13,36.17,21x50x12cm,Blue,Fabric,12,4.2,693,False,2023-10-15
276,Backpack,Sports & Outdoors,Team Sports,Acer,1341.77,879.54,290,88,15,17.43,44x48x9cm,Blue,Ceramic,12,4.9,90,True,2024-12-26
277,Pro Max Smartphone,Sports & Outdoors,Winter Sports,Microsoft,1122.87,733.65,393,19,1,19.17,6x6x18cm,Red,Metal,12,2.5,710,False,2024-09-19
278,Premium Sneakers,Fashion,Accessories,ASUS,369.64,249.43,721,23,8,32.01,17x13x24cm,Gray,Fabric,12,2.9,944,True,2025-04-04
279,Gaming Laptop,Sports & Outdoors,Team Sports,Garmin,1085.25,844.2,57,91,17,46.26,36x31x9cm,Silver,Glass,24,3.6,108,False,2023-10-23
280,Smart Watch,Electronics,Smart Home,Panasonic,2422.01,1690.88,149,94,16,9.7,36x6x31cm,Gold,Ceramic,6,2.6,86,True,2023-01-13
281,Wireless Charger,Beauty & Health,Hair Care,Acer,943.63,692.47,788,68,3,6.6,28x8x50cm,Red,Metal,24,4.4,933,True,2024-10-13
282,Mechanical Keyboard,Home & Garden,Tools,Corsair,142.43,100.17,25,80,4,42.34,18x42x21cm,White,Wood,24,2.9,458,True,2025-03-31
283,Wireless Earbuds,Beauty & Health,Hair Care,Google,2220.43,1617.93,233,25,10,15.62,21x45x30cm,Black,Fabric,24,3.2,15,False,2024-09-20
284,Tablet Pro,Electronics,Laptops,LG,1414.5,1001.68,669,57,16,49.92,10x5x35cm,Gold,Ceramic,24,5.0,74,False,2023-01-30
285,Smart Speaker,Sports & Outdoors,Outdoor Recreation,Google,2860.61,2157.15,192,66,3,17.86,12x13x45cm,Silver,Plastic,12,4.3,988,False,2024-08-19
286,Smart Speaker,Home & Garden,Security,Nikon,1205.64,824.47,715,57,17,43.04,31x20x31cm,Black,Leather,24,3.0,215,False,2023-06-28
287,4K Monitor,Fashion,Clothing,JBL,116.93,75.26,848,41,5,34.39,27x22x28cm,Gray,Ceramic,12,3.1,258,True,2024-08-15
288,LED Light Bulbs,Electronics,Smart Home,Microsoft,2467.11,1553.15,622,43,9,28.5,15x19x44cm,Blue,Plastic,12,3.5,972,False,2025-01-10
289,Designer Jeans,Fashion,Footwear,Apple,889.18,556.75,513,38,4,42.65,9x47x5cm,Black,Ceramic,36,4.0,991,True,2023-12-27
290,LED Light Bulbs,Books & Media,Music,Samsung,1674.53,1309.46,877,88,4,13.61,6x11x26cm,Gold,Fabric,12,4.5,445,False,2023-06-16
291,Smart Watch,Fashion,Clothing,HP,2787.65,1834.26,932,54,15,16.5,27x9x24cm,Black,Metal,24,2.7,303,True,2023-05-03
292,Wireless Mouse,Electronics,Smartphones,Panasonic,1416.74,1001.5,35,96,17,48.81,42x34x35cm,Gold,Glass,6,4.1,161,True,2024-11-27
293,Sports Watch,Books & Media,Movies,Corsair,2142.38,1448.24,358,93,1,42.4,19x43x6cm,Blue,Ceramic,12,3.5,96,True,2022-11-20
294,Sports Watch,Books & Media,Educational,Samsung,736.39,536.5,832,47,16,32.12,42x41x16cm,White,Metal,12,3.7,585,False,2023-10-10
295,Sports Watch,Home & Garden,Tools,ASUS,994.26,627.96,987,50,7,25.11,29x10x50cm,Red,Fabric,24,4.6,126,True,2024-10-18
296,Cotton T-Shirt,Books & Media,Non-fiction,Adidas,558.98,342.02,487,48,14,24.41,28x27x38cm,Red,Glass,6,4.3,617,True,2025-01-12
297,Wireless Charger,Electronics,Smart Home,Microsoft,2402.17,1851.63,795,28,4,41.24,32x18x40cm,Blue,Wood,6,3.5,865,True,2024-05-01
298,Pro Max Smartphone,Sports & Outdoors,Outdoor Recreation,ASUS,2748.68,1798.18,971,26,19,36.92,26x20x25cm,Green,Metal,12,4.9,687,False,2022-11-28
299,Sports Watch,Electronics,Tablets,Fitbit,1118.34,873.25,20,59,6,44.98,33x32x19cm,Gold,Fabric,36,3.4,932,False,2023-05-06
300,Mechanical Keyboard,Home & Garden,Furniture,Amazon,1665.79,1065.32,814,65,9,16.33,43x8x32cm,White,Ceramic,24,3.3,323,True,2023-09-13
301,Smart Thermostat,Sports & Outdoors,Outdoor Recreation,Panasonic,2661.85,1748.78,39,54,1,37.99,47x27x32cm,Silver,Fabric,12,4.4,667,False,2024-06-26
302,Security Camera,Fashion,Footwear,Garmin,2265.15,1409.42,720,75,10,42.35,46x16x31cm,White,Glass,6,2.8,527,False,2025-03-20
303,4K Monitor,Home & Garden,Furniture,Logitech,2122.02,1629.35,25,54,9,49.0,18x24x9cm,White,Wood,36,4.5,963,True,2024-10-24
304,Smart Thermostat,Sports & Outdoors,Exercise,Lenovo,1370.55,1030.52,37,95,9,33.09,12x20x28cm,Black,Leather,6,3.5,807,True,2023-11-27
305,Robot Vacuum,Books & Media,Educational,Apple,1807.55,1219.14,565,99,19,13.26,50x41x28cm,Green,Fabric,36,4.3,343,True,2024-07-15
306,Smart Thermostat,Beauty & Health,Skincare,HP,1386.23,983.79,285,58,3,19.95,23x28x34cm,Gold,Metal,24,3.1,237,True,2023-11-18
307,Cotton T-Shirt,Sports & Outdoors,Winter Sports,LG,2640.5,1738.36,7,30,11,13.76,23x9x6cm,Silver,Glass,36,3.1,652,True,2025-02-22
308,Running Shoes,Fashion,Jewelry,Garmin,669.75,424.48,395,20,7,48.3,19x36x41cm,Red,Leather,36,4.6,460,True,2022-08-21
309,Robot Vacuum,Books & Media,Music,ASUS,2238.05,1373.74,765,88,20,22.92,45x36x38cm,Blue,Ceramic,36,3.8,288,False,2025-04-04
310,Wireless Earbuds,Fashion,Clothing,Logitech,2025.84,1360.93,906,91,14,38.57,30x39x37cm,Black,Metal,36,2.7,221,True,2024-05-25
311,Designer Jeans,Beauty & Health,Hair Care,Bose,1817.26,1170.31,544,15,6,18.22,19x19x21cm,White,Fabric,12,4.0,846,True,2024-09-29
312,Smart Thermostat,Books & Media,Non-fiction,Sony,572.47,406.58,903,99,2,33.34,7x16x24cm,White,Ceramic,12,3.7,737,True,2025-03-22
313,Leather Jacket,Electronics,Gaming,Acer,2181.2,1716.62,927,90,19,13.11,18x29x40cm,Red,Metal,12,4.0,778,True,2023-08-31
314,Robot Vacuum,Electronics,Laptops,Garmin,2914.13,2284.37,836,31,8,17.32,21x41x50cm,Gray,Metal,6,2.9,0,False,2022-11-01
315,Air Purifier,Beauty & Health,Skincare,Google,2502.11,1980.18,86,86,16,48.76,39x20x11cm,Gray,Plastic,24,2.9,267,False,2024-06-23
316,Wireless Earbuds,Beauty & Health,Supplements,Panasonic,2702.09,1910.42,990,85,9,1.7,11x28x34cm,Red,Fabric,6,3.2,539,False,2025-06-02
317,Wireless Mouse,Home & Garden,Decor,Fitbit,2512.09,1906.97,341,49,6,5.95,48x15x23cm,Blue,Wood,6,4.8,693,True,2024-01-15
318,Pro Max Smartphone,Beauty & Health,Supplements,Canon,1831.17,1201.86,966,97,14,40.58,9x21x45cm,White,Leather,36,4.4,740,False,2022-11-24
319,Mechanical Keyboard,Sports & Outdoors,Exercise,Fitbit,2999.94,1965.59,129,15,9,20.63,49x10x40cm,Blue,Plastic,6,4.5,272,True,2022-12-11
320,Wireless Charger,Electronics,Tablets,Garmin,1785.94,1389.72,84,25,19,4.41,33x6x17cm,Gray,Wood,12,2.9,418,True,2023-02-01
321,Wireless Mouse,Fashion,Accessories,Samsung,2446.51,1673.86,400,29,1,35.57,44x31x14cm,White,Plastic,6,2.5,628,False,2023-07-02
322,Mechanical Keyboard,Fashion,Clothing,Acer,1355.37,940.91,203,80,11,24.27,12x6x49cm,Green,Ceramic,24,3.1,436,True,2023-12-23
323,Casual Blazer,Books & Media,Educational,Bose,2709.75,1876.91,342,59,18,1.79,33x37x34cm,Silver,Leather,24,4.6,936,True,2022-11-06
324,Pro Max Smartphone,Beauty & Health,Hair Care,Adidas,521.29,319.07,606,77,17,11.29,18x47x48cm,Gray,Leather,12,3.3,573,False,2023-07-10
325,Coffee Maker,Home & Garden,Tools,Razer,1950.4,1332.78,524,83,14,47.38,24x17x11cm,Blue,Glass,24,4.8,699,True,2024-03-05
326,Designer Jeans,Fashion,Clothing,Microsoft,1696.1,1158.18,648,86,19,2.85,49x46x48cm,Red,Leather,6,4.1,861,False,2023-01-06
327,Gaming Laptop,Fashion,Accessories,Microsoft,1735.1,1114.18,231,37,15,25.35,5x30x47cm,Green,Metal,24,4.7,235,True,2022-10-08
328,Smart Watch,Home & Garden,Tools,Canon,1873.61,1471.8,753,72,6,49.71,35x28x39cm,Gray,Ceramic,24,4.6,67,False,2023-03-27
329,Wireless Mouse,Fashion,Jewelry,LG,1406.0,978.06,359,79,2,36.14,27x46x28cm,White,Plastic,24,2.9,849,False,2022-11-16
330,Wireless Charger,Beauty & Health,Supplements,ASUS,43.54,32.57,329,30,17,15.63,48x36x22cm,Silver,Glass,24,4.5,402,True,2023-07-12
331,Robot Vacuum,Home & Garden,Cleaning,Canon,2967.58,1975.45,608,92,20,0.35,14x33x7cm,Green,Fabric,24,4.2,804,False,2025-04-07
332,Gaming Laptop,Beauty & Health,Medical,Apple,2086.59,1401.12,568,27,17,9.62,40x30x11cm,Green,Glass,24,3.1,751,True,2024-01-21
333,Air Purifier,Books & Media,Music,Corsair,64.24,48.39,922,80,4,41.41,37x46x31cm,Gold,Fabric,6,3.9,600,False,2023-08-26
334,Robot Vacuum,Fashion,Accessories,Garmin,2588.03,1568.13,874,69,3,2.75,25x49x21cm,Black,Glass,6,3.7,137,False,2023-12-14
335,Air Purifier,Home & Garden,Security,Nikon,2066.31,1591.25,34,78,13,30.99,35x32x50cm,Blue,Fabric,6,2.8,241,False,2023-03-18
336,Smart Speaker,Sports & Outdoors,Winter Sports,HP,2007.5,1398.4,627,92,10,33.71,38x49x19cm,Green,Wood,24,3.9,110,False,2024-10-22
337,Tablet Pro,Electronics,Tablets,Garmin,2002.5,1433.03,813,58,2,12.11,50x32x37cm,Blue,Wood,36,4.7,370,False,2022-11-04
338,Wireless Mouse,Home & Garden,Furniture,Fitbit,1133.55,884.47,917,15,4,3.29,23x38x45cm,Gray,Metal,24,2.5,536,False,2025-06-08
339,Premium Sneakers,Books & Media,Comics,Dell,2711.9,1948.95,608,95,8,26.05,10x43x13cm,Black,Ceramic,6,3.7,254,True,2025-04-25
340,Wireless Charger,Fashion,Accessories,Samsung,2376.29,1817.78,849,39,13,47.7,43x29x45cm,Silver,Fabric,12,3.5,500,False,2025-06-04
341,LED Light Bulbs,Fashion,Footwear,Corsair,847.91,558.09,769,83,5,28.56,36x38x36cm,Gray,Metal,6,4.3,285,False,2022-10-16
342,Wireless Earbuds,Home & Garden,Decor,Acer,1947.64,1535.72,352,13,9,1.49,16x10x31cm,Red,Plastic,24,3.2,153,True,2025-04-13
343,LED Light Bulbs,Beauty & Health,Supplements,Adidas,505.63,308.45,644,93,3,49.46,37x44x30cm,Green,Plastic,24,4.6,997,True,2024-10-20
344,Tablet Pro,Beauty & Health,Skincare,Fitbit,2944.06,1787.84,38,84,11,1.02,36x29x20cm,Black,Fabric,24,3.9,469,True,2022-08-08
345,Smart Speaker,Electronics,Tablets,Sony,2397.63,1867.23,839,33,4,8.42,42x6x32cm,Gray,Glass,12,3.2,98,False,2025-05-06
346,Smart Speaker,Electronics,Gaming,Adidas,2733.46,1746.26,21,39,6,32.58,43x5x36cm,Gray,Fabric,6,4.8,999,True,2023-02-01
347,Security Camera,Home & Garden,Furniture,Adidas,879.08,647.94,333,75,1,0.33,25x17x24cm,Gold,Wood,24,3.5,983,True,2024-11-19
348,Wireless Charger,Sports & Outdoors,Team Sports,JBL,980.23,608.02,12,94,6,32.55,33x17x8cm,Silver,Ceramic,24,2.5,199,False,2023-03-31
349,Leather Jacket,Beauty & Health,Supplements,Amazon,101.9,61.15,111,51,1,11.0,19x43x19cm,Green,Glass,12,2.9,161,False,2023-09-13
350,Security Camera,Books & Media,Movies,Sony,2617.38,1703.36,365,36,8,36.4,25x32x38cm,White,Fabric,6,4.1,619,True,2025-04-23
351,Air Purifier,Beauty & Health,Skincare,Sony,642.25,391.23,634,75,12,14.49,7x7x33cm,Red,Fabric,24,4.5,914,True,2024-01-16
352,Air Purifier,Home & Garden,Furniture,Samsung,2019.47,1432.01,642,86,16,13.94,30x23x22cm,Green,Leather,24,4.9,582,False,2025-01-09
353,Designer Jeans,Beauty & Health,Supplements,Nikon,2073.04,1319.41,781,88,18,10.88,32x30x43cm,Blue,Plastic,36,4.1,864,True,2023-10-30
354,Leather Jacket,Books & Media,Movies,Razer,2762.39,1941.2,424,53,15,47.67,20x19x11cm,Black,Metal,36,4.2,737,False,2024-08-23
355,Smart Speaker,Sports & Outdoors,Outdoor Recreation,Amazon,2771.19,1760.48,562,81,10,34.95,48x25x21cm,Gray,Fabric,6,3.4,384,False,2023-12-07
356,4K Monitor,Beauty & Health,Makeup,JBL,2797.83,2021.02,237,24,9,9.61,24x34x13cm,Red,Fabric,24,4.6,632,False,2023-06-21
357,Sports Watch,Books & Media,Comics,Logitech,1818.12,1232.96,889,54,7,3.15,48x45x19cm,Black,Plastic,12,3.3,102,True,2022-11-06
358,Casual Blazer,Electronics,Smart Home,Nike,24.1,16.33,245,15,12,15.77,13x24x31cm,Green,Glass,24,4.1,256,False,2025-06-11
359,Wireless Earbuds,Fashion,Accessories,Apple,2138.69,1467.51,288,56,20,16.45,33x47x34cm,Gold,Wood,36,3.9,257,False,2023-11-17
360,Smart Speaker,Beauty & Health,Medical,Nikon,202.1,133.02,337,22,2,38.56,47x25x18cm,Green,Plastic,24,3.8,975,True,2023-09-13
361,Smart Watch,Beauty & Health,Hair Care,Sony,165.85,105.31,420,61,12,44.51,24x40x25cm,White,Wood,36,2.6,548,False,2022-11-25
362,Pro Max Smartphone,Electronics,Tablets,Nikon,885.55,593.4,680,63,1,16.82,29x36x33cm,Blue,Ceramic,6,2.7,922,False,2024-09-03
363,Designer Jeans,Sports & Outdoors,Exercise,Samsung,1532.51,929.37,839,69,15,48.59,33x43x11cm,White,Plastic,36,4.4,881,False,2022-07-31
364,Mechanical Keyboard,Books & Media,Fiction,Panasonic,2011.8,1500.86,340,33,3,15.13,31x13x8cm,Black,Wood,36,2.6,702,True,2022-10-29
365,Mechanical Keyboard,Beauty & Health,Supplements,Panasonic,2830.78,1755.31,218,19,17,35.87,32x50x33cm,Black,Fabric,6,4.6,219,False,2024-04-10
366,Air Purifier,Home & Garden,Kitchen,Logitech,2244.65,1455.87,60,62,3,18.46,15x50x10cm,Silver,Metal,6,4.0,130,True,2022-06-24
367,Sports Watch,Home & Garden,Furniture,Nikon,1803.91,1261.8,431,100,16,22.03,9x46x47cm,Red,Fabric,24,3.0,694,True,2023-02-23
368,LED Light Bulbs,Electronics,Laptops,JBL,451.07,313.35,417,75,5,48.3,39x36x7cm,Gold,Wood,24,4.2,679,False,2022-12-07
369,4K Monitor,Sports & Outdoors,Exercise,Lenovo,898.0,566.63,536,46,4,31.99,40x38x7cm,Black,Wood,6,4.2,982,False,2024-03-14
370,Cotton T-Shirt,Sports & Outdoors,Exercise,HP,2618.67,2077.46,157,85,16,23.0,8x35x16cm,Gold,Wood,6,3.2,949,True,2022-11-17
371,Casual Blazer,Beauty & Health,Skincare,Sony,353.25,247.5,685,58,8,47.78,6x50x8cm,Gold,Metal,24,3.0,191,False,2022-07-17
372,Designer Jeans,Fashion,Accessories,Logitech,2125.3,1574.05,959,100,1,45.02,21x7x20cm,Blue,Wood,24,4.2,897,False,2025-06-01
373,4K Monitor,Beauty & Health,Supplements,Apple,927.15,686.67,23,15,14,23.42,7x33x44cm,Blue,Glass,12,4.9,970,False,2024-02-23
374,Smart Speaker,Sports & Outdoors,Winter Sports,Panasonic,662.08,445.99,563,28,4,17.62,27x34x34cm,Blue,Fabric,6,4.9,636,True,2023-08-05
375,Security Camera,Electronics,Tablets,Acer,2253.44,1544.47,180,14,4,40.34,35x28x8cm,Red,Wood,24,4.5,723,False,2024-06-17
376,Mechanical Keyboard,Books & Media,Music,Google,1672.09,1281.28,78,39,12,39.62,38x12x37cm,Gold,Glass,12,4.4,488,True,2024-11-14
377,Leather Jacket,Books & Media,Music,Adidas,903.61,674.49,972,13,3,33.11,14x21x33cm,Gold,Ceramic,36,4.1,563,True,2022-09-14
378,Gaming Laptop,Sports & Outdoors,Exercise,Canon,402.27,321.76,327,36,4,40.96,30x23x38cm,Black,Ceramic,36,3.1,480,True,2022-08-21
379,4K Monitor,Home & Garden,Kitchen,Lenovo,2859.86,2151.51,441,16,5,24.86,25x38x26cm,Silver,Fabric,24,4.5,675,False,2023-09-06
380,Gaming Laptop,Books & Media,Fiction,Nikon,2482.19,1923.65,650,85,5,28.0,45x30x46cm,Gray,Metal,36,4.2,974,False,2024-05-20
381,Sports Watch,Sports & Outdoors,Exercise,Corsair,2883.59,2196.53,367,60,14,10.49,50x40x7cm,Red,Metal,24,3.0,265,True,2022-09-26
382,Sports Watch,Books & Media,Educational,HP,2451.91,1852.36,795,71,9,48.86,49x29x24cm,Gold,Fabric,24,4.6,618,True,2024-08-23
383,Running Shoes,Home & Garden,Tools,Google,44.41,35.09,284,72,8,8.68,12x49x40cm,Green,Ceramic,6,4.9,471,True,2025-03-05
384,Tablet Pro,Books & Media,Educational,Acer,1017.83,733.42,401,97,19,19.99,36x43x37cm,Green,Wood,12,3.6,931,True,2023-01-27
385,Gaming Laptop,Fashion,Clothing,Canon,923.85,574.4,160,83,18,5.77,29x31x33cm,Blue,Leather,24,4.6,331,False,2024-11-12
386,Designer Jeans,Electronics,Audio,ASUS,2803.75,2099.46,796,62,3,20.35,44x42x26cm,Gray,Ceramic,6,3.6,325,True,2023-07-18
387,Premium Sneakers,Home & Garden,Security,Google,439.01,327.14,20,32,18,30.19,6x34x50cm,Red,Leather,6,3.3,157,False,2024-05-10
388,Smart Watch,Home & Garden,Tools,Amazon,342.02,220.12,903,82,19,32.51,23x23x34cm,Gold,Fabric,12,3.4,650,False,2022-08-14
389,Pro Max Smartphone,Books & Media,Movies,Adidas,1643.96,1159.55,417,96,5,20.2,16x47x42cm,Silver,Metal,6,4.5,964,False,2024-12-31
390,Mechanical Keyboard,Fashion,Accessories,Logitech,2528.14,1934.12,668,100,4,47.1,50x39x7cm,Gold,Metal,36,4.6,791,False,2022-12-02
391,Security Camera,Electronics,Gaming,Google,2610.69,2000.78,118,76,6,21.71,35x24x39cm,Gray,Plastic,36,2.9,660,False,2024-01-11
392,Tablet Pro,Home & Garden,Security,JBL,40.78,26.24,551,19,12,36.85,11x37x42cm,Blue,Leather,12,2.9,939,True,2024-01-13
393,Air Purifier,Home & Garden,Tools,Canon,379.93,235.07,942,68,9,11.69,27x6x41cm,Red,Fabric,12,4.9,247,False,2024-06-17
394,Coffee Maker,Beauty & Health,Medical,Garmin,253.37,174.79,671,93,5,36.93,36x10x27cm,Green,Leather,24,2.8,947,True,2024-05-30
395,Leather Jacket,Beauty & Health,Hair Care,Canon,2100.24,1475.15,563,55,12,14.83,13x14x23cm,White,Plastic,12,2.6,877,True,2025-05-29
396,4K Monitor,Beauty & Health,Skincare,Canon,705.61,526.56,577,70,9,4.03,22x40x17cm,Black,Ceramic,36,3.0,591,False,2023-10-11
397,Premium Sneakers,Electronics,Audio,Nike,2518.04,1915.49,920,65,18,25.19,21x10x39cm,White,Fabric,12,3.0,405,False,2023-02-10
398,Wireless Earbuds,Electronics,Smartphones,LG,1648.0,1137.46,442,20,18,48.74,16x31x11cm,Red,Wood,12,5.0,801,True,2024-01-24
399,Pro Max Smartphone,Electronics,Laptops,Sony,484.31,322.28,547,81,11,28.21,36x18x16cm,Black,Glass,6,4.3,451,False,2025-01-03
400,Tablet Pro,Fashion,Bags,Lenovo,1017.2,762.7,2,13,20,26.8,9x24x12cm,Gray,Glass,12,4.0,88,False,2023-06-08
401,Security Camera,Sports & Outdoors,Winter Sports,Nikon,1991.56,1339.31,197,34,3,27.13,40x25x9cm,White,Metal,36,2.7,191,True,2022-12-08
402,Robot Vacuum,Sports & Outdoors,Team Sports,Nike,1709.64,1111.82,120,80,10,6.75,44x27x25cm,Black,Leather,12,3.9,299,True,2024-06-12
403,Cotton T-Shirt,Electronics,Smart Home,Fitbit,2865.97,1733.61,575,71,11,33.75,11x46x18cm,White,Fabric,12,3.5,249,True,2022-09-19
404,Gaming Laptop,Beauty & Health,Makeup,Acer,1302.44,914.88,582,62,8,43.21,46x29x27cm,Green,Wood,12,3.1,370,False,2024-09-02
405,4K Monitor,Books & Media,Non-fiction,Amazon,2869.05,1767.43,751,21,12,26.75,31x37x35cm,Green,Metal,24,3.8,755,True,2025-05-08
406,Coffee Maker,Sports & Outdoors,Exercise,Razer,1813.05,1113.47,378,16,11,22.12,36x41x37cm,White,Ceramic,36,4.4,788,False,2023-12-22
407,LED Light Bulbs,Books & Media,Educational,JBL,2405.31,1512.52,999,31,15,23.95,15x6x18cm,Silver,Plastic,36,4.7,947,True,2023-02-07
408,Premium Sneakers,Electronics,Audio,Nikon,213.87,134.6,636,45,13,37.7,7x21x43cm,Blue,Glass,36,4.0,274,True,2024-03-11
409,Smart Speaker,Home & Garden,Cleaning,HP,110.46,69.46,112,32,3,9.93,11x12x46cm,Green,Metal,24,3.6,290,True,2023-06-17
410,Wireless Charger,Fashion,Clothing,Apple,607.1,403.74,574,79,1,17.59,45x49x31cm,Black,Wood,36,3.3,103,True,2023-08-07
411,Tablet Pro,Beauty & Health,Supplements,HP,111.52,88.5,460,41,13,22.54,7x17x43cm,Gray,Fabric,36,4.7,895,False,2025-06-09
412,Leather Jacket,Books & Media,Comics,Acer,996.43,635.92,942,11,10,29.86,18x40x16cm,Red,Wood,36,3.0,160,False,2022-09-11
413,Wireless Mouse,Sports & Outdoors,Winter Sports,Adidas,2150.21,1484.26,37,50,10,43.82,34x8x10cm,Silver,Metal,36,3.7,677,True,2024-06-06
414,Wireless Earbuds,Fashion,Footwear,Samsung,2932.63,2250.81,898,15,6,20.23,11x31x10cm,Gray,Plastic,6,3.4,675,True,2022-07-07
415,LED Light Bulbs,Fashion,Accessories,Razer,2921.19,2086.4,590,34,3,49.29,18x14x8cm,Blue,Fabric,24,2.6,523,False,2024-03-30
416,4K Monitor,Beauty & Health,Makeup,Microsoft,573.1,386.21,195,65,18,0.31,35x26x40cm,Green,Glass,12,3.3,918,False,2023-10-05
417,Premium Sneakers,Fashion,Accessories,Microsoft,1966.45,1299.95,763,63,15,29.58,42x44x37cm,Red,Leather,6,4.4,550,True,2025-04-03
418,Tablet Pro,Books & Media,Music,Lenovo,1870.84,1325.45,127,20,10,21.63,5x11x50cm,Blue,Fabric,36,3.1,482,True,2024-02-21
419,Premium Sneakers,Books & Media,Movies,LG,2538.89,1956.01,187,39,16,39.95,35x43x43cm,Gold,Leather,24,4.1,830,True,2024-07-14
420,Smart Thermostat,Beauty & Health,Makeup,Garmin,688.11,483.87,568,78,1,3.17,38x17x46cm,Black,Ceramic,36,2.8,604,True,2024-05-15
421,Security Camera,Sports & Outdoors,Exercise,Logitech,2839.12,2256.8,815,76,9,23.6,27x22x22cm,Silver,Wood,12,4.2,509,True,2024-05-22
422,Smart Speaker,Home & Garden,Kitchen,Panasonic,2337.03,1599.35,498,76,17,28.13,28x22x45cm,Red,Metal,24,3.5,993,True,2024-03-02
423,Sports Watch,Beauty & Health,Makeup,LG,2482.6,1565.49,111,89,18,14.57,39x24x44cm,Black,Fabric,6,3.5,499,False,2023-09-24
424,Wireless Charger,Books & Media,Comics,Acer,215.92,131.66,253,53,20,6.43,27x46x21cm,Black,Fabric,12,2.9,358,True,2023-09-17
425,Smart Watch,Fashion,Footwear,Samsung,1735.31,1362.33,334,78,1,1.89,12x11x46cm,Gold,Plastic,36,3.0,303,True,2022-09-05
426,Smart Speaker,Beauty & Health,Supplements,HP,1279.76,954.48,90,63,13,17.99,17x32x17cm,Gray,Leather,24,3.6,434,False,2023-11-08
427,Backpack,Fashion,Clothing,Panasonic,2686.25,1987.42,390,71,17,1.3,34x13x28cm,Black,Fabric,36,4.3,60,False,2024-01-28
428,Security Camera,Sports & Outdoors,Winter Sports,Garmin,1977.06,1473.31,603,18,9,44.59,21x50x45cm,Black,Glass,6,3.5,88,True,2024-08-11
429,Coffee Maker,Home & Garden,Kitchen,Panasonic,2036.85,1355.05,979,83,20,36.84,43x38x11cm,White,Fabric,6,2.6,760,False,2022-12-12
430,Wireless Earbuds,Home & Garden,Security,JBL,2698.82,1646.78,832,23,3,33.19,19x35x11cm,Black,Glass,24,3.6,133,False,2023-08-13
431,Wireless Earbuds,Home & Garden,Decor,JBL,2304.75,1725.36,569,44,14,49.25,41x22x48cm,Silver,Plastic,6,4.2,640,True,2024-01-28
432,Wireless Mouse,Electronics,Audio,Razer,983.93,781.4,25,65,20,28.2,11x20x7cm,Black,Fabric,24,3.4,364,False,2023-03-17
433,Premium Sneakers,Home & Garden,Tools,Apple,597.83,368.98,369,23,15,30.62,25x26x18cm,Silver,Glass,36,3.4,550,True,2024-12-11
434,Running Shoes,Sports & Outdoors,Team Sports,Dell,335.99,237.05,949,46,3,47.81,29x19x29cm,Silver,Plastic,6,4.0,675,True,2024-08-17
435,Designer Jeans,Fashion,Jewelry,Dell,1766.71,1170.0,274,67,4,10.19,33x39x42cm,Gray,Leather,36,2.9,454,True,2023-12-21
436,Robot Vacuum,Fashion,Jewelry,Microsoft,670.0,410.2,116,94,15,39.11,11x14x27cm,Blue,Fabric,12,4.3,698,True,2023-11-17
437,Running Shoes,Beauty & Health,Medical,ASUS,227.2,151.59,47,65,5,3.06,24x23x8cm,Gold,Leather,12,4.7,411,True,2022-12-12
438,Mechanical Keyboard,Books & Media,Fiction,LG,164.39,125.27,542,53,1,36.02,14x47x25cm,White,Leather,36,4.6,210,True,2025-02-08
439,LED Light Bulbs,Home & Garden,Security,Dell,2210.08,1501.63,104,96,13,14.7,35x12x27cm,Blue,Metal,24,4.0,431,False,2025-03-03
440,Smart Watch,Home & Garden,Tools,Adidas,148.7,90.85,742,40,20,27.35,36x39x8cm,Gold,Glass,24,3.4,72,False,2025-04-14
441,Robot Vacuum,Books & Media,Movies,Razer,507.21,361.26,50,30,18,18.97,15x27x7cm,White,Ceramic,6,2.6,901,True,2024-12-22
442,Smart Speaker,Sports & Outdoors,Winter Sports,Lenovo,746.68,527.53,951,55,13,8.58,14x5x10cm,White,Wood,6,3.0,951,False,2024-10-12
443,Gaming Laptop,Home & Garden,Furniture,Logitech,896.87,585.54,753,41,14,26.42,36x44x27cm,Green,Ceramic,6,2.6,731,False,2025-01-07
444,Designer Jeans,Home & Garden,Furniture,Samsung,2063.37,1242.79,83,96,10,23.03,29x25x16cm,White,Ceramic,12,3.3,86,True,2023-04-15
445,Cotton T-Shirt,Fashion,Bags,Fitbit,2960.99,1797.18,870,16,18,32.12,38x9x16cm,Blue,Ceramic,24,4.9,890,True,2025-02-14
446,Air Purifier,Books & Media,Non-fiction,Logitech,639.26,462.64,325,84,11,19.48,45x16x18cm,Green,Ceramic,6,5.0,820,False,2023-04-23
447,Wireless Charger,Home & Garden,Cleaning,Canon,2667.6,2040.83,235,46,17,20.55,37x34x35cm,Black,Ceramic,36,3.3,914,True,2022-12-19
448,LED Light Bulbs,Electronics,Smartphones,Logitech,2294.32,1807.4,769,29,20,21.53,18x5x14cm,Gold,Glass,6,4.6,662,True,2023-05-13
449,Smart Speaker,Home & Garden,Furniture,Microsoft,2077.32,1486.1,366,81,9,5.57,30x7x24cm,Black,Glass,24,4.8,642,False,2024-07-27
450,Security Camera,Home & Garden,Kitchen,Samsung,218.27,150.79,448,93,12,2.04,40x13x45cm,Black,Ceramic,6,3.6,606,False,2024-01-26
451,Gaming Laptop,Sports & Outdoors,Team Sports,Nikon,2957.23,2246.8,785,70,18,43.31,34x10x20cm,Gold,Plastic,36,3.9,961,True,2023-12-01
452,Wireless Charger,Books & Media,Music,Apple,1173.2,920.25,66,69,15,18.93,26x49x35cm,Green,Leather,24,3.4,446,True,2022-09-11
453,Casual Blazer,Beauty & Health,Makeup,Adidas,739.97,580.48,448,35,7,40.08,29x18x33cm,Red,Leather,36,3.2,209,False,2023-11-01
454,Gaming Laptop,Home & Garden,Furniture,Lenovo,1220.79,954.48,169,39,20,45.97,31x46x24cm,Gray,Ceramic,36,4.5,427,False,2022-12-06
455,Wireless Earbuds,Beauty & Health,Makeup,HP,100.24,65.19,666,62,15,1.33,34x23x11cm,Gold,Leather,12,3.0,579,False,2024-05-21
456,Mechanical Keyboard,Sports & Outdoors,Outdoor Recreation,Sony,1646.41,1064.85,89,25,8,24.53,38x5x7cm,Silver,Fabric,12,4.4,770,False,2024-12-05
457,Designer Jeans,Books & Media,Comics,Nikon,1123.78,859.69,625,91,3,47.99,19x26x49cm,Red,Glass,12,4.1,501,False,2025-01-09
458,Premium Sneakers,Fashion,Footwear,Nike,798.72,571.82,259,37,16,27.95,34x11x12cm,Gray,Metal,6,4.6,734,True,2024-03-04
459,Backpack,Electronics,Smartphones,Nikon,256.5,192.61,932,58,11,35.74,43x49x31cm,Green,Leather,36,4.3,745,True,2022-07-18
460,Robot Vacuum,Fashion,Jewelry,Bose,832.98,610.26,488,63,7,47.07,49x34x22cm,Black,Plastic,6,4.3,545,False,2024-06-27
461,Sports Watch,Fashion,Accessories,JBL,2016.09,1579.93,672,24,8,19.5,32x34x7cm,Silver,Wood,6,3.7,358,False,2022-10-05
462,Wireless Mouse,Sports & Outdoors,Team Sports,JBL,625.74,402.55,708,92,16,2.44,49x38x46cm,Silver,Wood,6,3.7,462,True,2023-05-19
463,Gaming Laptop,Sports & Outdoors,Team Sports,Adidas,1073.78,683.58,666,24,6,44.81,40x38x40cm,Gray,Plastic,6,3.4,5,True,2024-04-15
464,Pro Max Smartphone,Sports & Outdoors,Exercise,Canon,2924.49,2274.27,592,23,20,14.6,12x32x5cm,Gold,Plastic,12,4.6,678,True,2022-10-08
465,Running Shoes,Sports & Outdoors,Exercise,Fitbit,510.97,348.14,87,42,12,41.59,28x9x30cm,Silver,Plastic,6,3.3,362,True,2024-08-08
466,Wireless Mouse,Electronics,Tablets,Bose,95.37,72.26,703,56,15,46.19,40x15x44cm,White,Leather,12,3.2,701,True,2024-10-15
467,Wireless Charger,Beauty & Health,Medical,Garmin,2878.2,2019.66,663,90,3,15.87,25x23x30cm,Silver,Leather,24,4.5,67,True,2024-03-07
468,Smart Speaker,Home & Garden,Furniture,HP,1664.17,1268.33,54,61,14,12.01,10x41x47cm,Red,Plastic,36,5.0,132,True,2023-12-15
469,Robot Vacuum,Electronics,Smartphones,Amazon,1580.87,1224.09,998,86,20,14.85,36x20x5cm,Gold,Wood,6,4.6,892,False,2024-01-27
470,Premium Sneakers,Books & Media,Educational,Acer,885.52,545.56,784,19,12,28.19,45x6x28cm,Black,Glass,12,3.5,882,True,2023-02-25
471,Sports Watch,Fashion,Bags,ASUS,904.8,635.98,558,98,4,23.06,48x48x36cm,Black,Glass,24,3.0,555,False,2023-02-11
472,Coffee Maker,Home & Garden,Security,Dell,506.63,362.13,883,30,15,27.27,15x27x26cm,Red,Leather,6,2.8,895,True,2023-05-10
473,Robot Vacuum,Electronics,Laptops,Panasonic,607.42,441.75,156,48,12,21.04,41x10x24cm,Gray,Fabric,6,2.5,428,False,2025-02-10
474,Sports Watch,Electronics,Audio,Nikon,1808.11,1149.92,180,43,12,48.14,34x7x49cm,Silver,Plastic,36,3.7,782,False,2022-11-18
475,Wireless Mouse,Books & Media,Music,Acer,994.0,639.78,168,63,6,43.9,33x10x23cm,Black,Fabric,24,5.0,947,True,2023-08-30
476,Running Shoes,Beauty & Health,Skincare,Canon,1318.63,909.93,377,28,19,14.52,20x29x30cm,Green,Leather,12,3.4,680,True,2023-12-26
477,Wireless Charger,Beauty & Health,Supplements,Adidas,86.11,52.73,986,29,9,1.02,7x43x13cm,Black,Fabric,24,4.5,122,True,2022-10-30
478,LED Light Bulbs,Beauty & Health,Makeup,Sony,230.4,173.06,671,27,11,44.18,12x12x20cm,Green,Leather,12,2.7,633,False,2022-10-01
479,Coffee Maker,Home & Garden,Tools,Corsair,221.6,144.13,628,43,5,16.64,48x28x43cm,Silver,Fabric,12,4.4,495,True,2023-08-06
480,Casual Blazer,Electronics,Tablets,Microsoft,399.89,263.3,400,68,1,8.42,23x36x13cm,Blue,Metal,12,3.7,187,True,2023-07-03
481,Wireless Charger,Electronics,Laptops,Google,2559.71,1998.52,985,78,4,18.83,31x8x14cm,Blue,Metal,36,3.4,705,False,2023-12-29
482,Gaming Laptop,Home & Garden,Decor,Corsair,2883.97,2229.45,751,99,20,47.18,10x32x38cm,Gold,Fabric,36,3.3,159,False,2023-04-20
483,Wireless Earbuds,Books & Media,Non-fiction,Panasonic,2632.73,1852.38,989,41,18,43.61,33x44x32cm,Silver,Ceramic,12,4.0,970,True,2022-12-01
484,Leather Jacket,Home & Garden,Cleaning,Lenovo,1045.92,802.25,856,28,19,13.73,20x32x28cm,White,Fabric,36,2.8,262,False,2023-09-25
485,Smart Thermostat,Books & Media,Movies,Garmin,1561.85,1094.84,107,34,3,27.76,10x33x39cm,Gray,Ceramic,12,4.6,269,True,2024-05-18
486,Pro Max Smartphone,Home & Garden,Kitchen,HP,2798.08,2093.63,274,82,18,36.27,21x34x15cm,Black,Fabric,24,4.1,986,False,2023-05-13
487,Premium Sneakers,Home & Garden,Tools,Nike,1636.06,1281.49,234,15,17,13.79,15x41x37cm,Green,Fabric,24,2.9,545,True,2024-06-25
488,Sports Watch,Home & Garden,Kitchen,Garmin,2015.1,1426.38,721,12,12,0.95,33x36x12cm,Black,Plastic,12,3.9,273,False,2023-02-11
489,Tablet Pro,Home & Garden,Cleaning,Razer,557.56,426.9,284,87,3,24.37,28x18x28cm,Gold,Wood,6,4.1,567,False,2022-12-31
490,Smart Watch,Sports & Outdoors,Exercise,LG,2341.55,1752.22,756,48,6,10.6,48x5x10cm,White,Fabric,6,3.5,718,False,2024-06-28
491,Cotton T-Shirt,Fashion,Accessories,Microsoft,1206.51,787.43,169,94,1,9.92,46x44x39cm,Blue,Leather,36,4.3,583,False,2024-02-01
492,Gaming Laptop,Electronics,Smart Home,Canon,895.62,576.7,934,41,17,15.07,17x45x38cm,White,Wood,24,3.4,791,True,2024-10-19
493,Pro Max Smartphone,Electronics,Smart Home,Amazon,1335.27,938.42,315,66,10,3.15,5x18x24cm,Gold,Glass,12,2.7,384,False,2023-08-27
494,Running Shoes,Beauty & Health,Skincare,Microsoft,2676.87,1810.89,624,70,7,30.55,11x39x25cm,Black,Wood,12,3.4,110,True,2023-09-07
495,Tablet Pro,Fashion,Accessories,Sony,461.24,325.15,969,40,7,39.87,20x21x41cm,Gray,Metal,24,4.9,53,False,2024-01-05
496,Pro Max Smartphone,Books & Media,Movies,Corsair,1661.06,1235.02,607,77,17,9.71,19x28x29cm,Red,Leather,12,3.7,467,True,2024-02-05
497,Mechanical Keyboard,Beauty & Health,Skincare,Logitech,2593.72,1625.67,816,58,10,1.7,10x7x11cm,Silver,Wood,12,4.0,295,True,2024-03-14
498,Wireless Earbuds,Beauty & Health,Medical,Amazon,1907.79,1194.5,414,50,20,36.03,18x34x36cm,Gray,Plastic,12,3.3,497,True,2022-11-11
499,Designer Jeans,Fashion,Clothing,Nikon,684.71,469.96,557,96,18,5.26,36x32x36cm,Red,Fabric,24,4.9,129,True,2024-08-01
500,Wireless Charger,Books & Media,Fiction,Corsair,2244.15,1696.23,43,50,13,27.18,48x13x5cm,Blue,Fabric,36,4.1,746,False,2025-01-05
